PC_ID,PC_SMILES,PC_HOMO,PC_LUMO,PC_S1,PC_T1_a,mordred_PC_0,mordred_PC_1,mordred_PC_2,mordred_PC_3,mordred_PC_4,Alc_ID,Alc_SMILES,Alc_HOMO,Alc_LUMO,Alc_BDFE,mordred_Alc_0,mordred_Alc_1,mordred_Alc_2,mordred_Alc_3,mordred_Alc_4,Yield
PC1,O=C1C2=C(C=CC=C2)[Si](C)(C)C3=CC=CC=C31,-9.22316845,-0.58857393,3.7691,2.606,7.20080167,-17.6686383,0.426785558,28.770577,6.206296247,Alc3,OC(CC1=CC=CC=C1)C2=CC=C(C(OC)=O)C=C2,-8.93854139,0.12353794,110.2839659,-11.71469047,-6.822840992,14.11444836,-1.521686394,29.80993616,14
PC1,O=C1C2=C(C=CC=C2)[Si](C)(C)C3=CC=CC=C31,-9.22316845,-0.58857393,3.7691,2.606,7.20080167,-17.6686383,0.426785558,28.770577,6.206296247,Alc4,OC(CC1=CC=CC=C1)C2=CC=CC=C2,-8.90697663,1.05415414,110.1584658,33.09993447,2.951163937,-7.586083147,5.978377368,2.553950157,4
PC1,O=C1C2=C(C=CC=C2)[Si](C)(C)C3=CC=CC=C31,-9.22316845,-0.58857393,3.7691,2.606,7.20080167,-17.6686383,0.426785558,28.770577,6.206296247,Alc5,OC(CC1=CC=CC=C1)C2=CC=C(C3=CC=CC=C3)C=C2,-8.36030764,0.54884587,110.1647408,-14.62194718,28.80559974,-0.840053273,-5.971192521,5.315228113,18
PC1,O=C1C2=C(C=CC=C2)[Si](C)(C)C3=CC=CC=C31,-9.22316845,-0.58857393,3.7691,2.606,7.20080167,-17.6686383,0.426785558,28.770577,6.206296247,Alc6,OC(CC1=CC=CC=C1)C2=CC=C(C)C=C2,-8.66833616,1.06231744,110.0894409,23.62536858,0.661946499,-9.500574307,-8.115361088,-3.419895141,11
PC1,O=C1C2=C(C=CC=C2)[Si](C)(C)C3=CC=CC=C31,-9.22316845,-0.58857393,3.7691,2.606,7.20080167,-17.6686383,0.426785558,28.770577,6.206296247,Alc7,OC(CC1=CC=CC=C1)C2=CC=C(OC)C=C2,-8.23187172,1.04735139,110.4094658,9.960979275,-7.691830153,-0.359370043,-7.888556589,3.458110622,78
PC1,O=C1C2=C(C=CC=C2)[Si](C)(C)C3=CC=CC=C31,-9.22316845,-0.58857393,3.7691,2.606,7.20080167,-17.6686383,0.426785558,28.770577,6.206296247,Alc8,OC(CC1=CC=CC=C1)C2=CC=C(OC)C(OC)=C2,-7.88792468,1.04517451,110.5224158,-17.43227242,-12.22861103,0.615510936,5.636608796,-2.222466306,90
PC1,O=C1C2=C(C=CC=C2)[Si](C)(C)C3=CC=CC=C31,-9.22316845,-0.58857393,3.7691,2.606,7.20080167,-17.6686383,0.426785558,28.770577,6.206296247,Alc9,OC(CC1=CC=CC=C1)C2=C(OC)C=CC=C2OC,-8.24683777,1.0149703,107.1841159,-19.749389,-10.63011667,-9.869495255,27.75351357,0.245719578,13
PC1,O=C1C2=C(C=CC=C2)[Si](C)(C)C3=CC=CC=C31,-9.22316845,-0.58857393,3.7691,2.606,7.20080167,-17.6686383,0.426785558,28.770577,6.206296247,Alc10,OC(CC1=CC=CC=C1)(C)C2=CC=C(OC)C=C2,-8.17772183,1.02993635,110.2274909,-2.587590608,-10.3303571,-15.95727555,-17.8057074,3.047377322,53
PC1,O=C1C2=C(C=CC=C2)[Si](C)(C)C3=CC=CC=C31,-9.22316845,-0.58857393,3.7691,2.606,7.20080167,-17.6686383,0.426785558,28.770577,6.206296247,Alc11,OC(CC1=CC=CC=C1)(C)C2=CC(OC)=C(OC)C=C2,-7.83976121,1.02803158,110.3090658,-27.79506717,-14.06511715,-12.55596764,-7.437160448,-7.622918174,86
PC1,O=C1C2=C(C=CC=C2)[Si](C)(C)C3=CC=CC=C31,-9.22316845,-0.58857393,3.7691,2.606,7.20080167,-17.6686383,0.426785558,28.770577,6.206296247,Alc12,OC(CC1=CC=CC=C1)C2=CC=CS2,-8.64139727,1.03292956,111.8150659,47.28218669,-9.209036271,5.816920017,7.729107998,-0.753545312,5
PC1,O=C1C2=C(C=CC=C2)[Si](C)(C)C3=CC=CC=C31,-9.22316845,-0.58857393,3.7691,2.606,7.20080167,-17.6686383,0.426785558,28.770577,6.206296247,Alc14,OC(CC1=CC=CC=C1)C2=CC=C3C(C=CC=C3)=C2,-8.12765359,0.32353879,110.1333659,-1.706180335,23.00233306,0.712412638,-2.276278132,-4.123322789,0
PC1,O=C1C2=C(C=CC=C2)[Si](C)(C)C3=CC=CC=C31,-9.22316845,-0.58857393,3.7691,2.606,7.20080167,-17.6686383,0.426785558,28.770577,6.206296247,Alc15,OC(CC1=CC=CC=C1)C2=C3C(C=CC=C3)=CC=C2,-8.02670078,0.27891275,110.2902409,-4.385096277,24.21115311,-3.19848594,10.59038746,-1.904466232,0
PC1,O=C1C2=C(C=CC=C2)[Si](C)(C)C3=CC=CC=C31,-9.22316845,-0.58857393,3.7691,2.606,7.20080167,-17.6686383,0.426785558,28.770577,6.206296247,Alc16,OC(CC1=CC=CC=C1)C2=CC(OCO3)=C3C=C2,-7.9864285,1.08381413,109.9953158,-1.575475172,-5.792162856,22.9690514,-4.134971471,-12.12623408,45
PC1,O=C1C2=C(C=CC=C2)[Si](C)(C)C3=CC=CC=C31,-9.22316845,-0.58857393,3.7691,2.606,7.20080167,-17.6686383,0.426785558,28.770577,6.206296247,Alc18,OC(CC1=CC=CC=C1)C2=CC=C3C(OCCO3)=C2,-8.04792536,1.06912019,110.6792909,-12.40076038,-2.862124136,15.6389618,-2.537081149,-12.25747392,48
PC2,O=C1C2=C(C=CC=C2)SC3=CC=CC=C31,-8.12683726,-0.62231557,3.8874,2.6368,-13.95822937,-11.0983874,6.342707265,-2.61717031,4.741495369,Alc3,OC(CC1=CC=CC=C1)C2=CC=C(C(OC)=O)C=C2,-8.93854139,0.12353794,110.2839659,-11.71469047,-6.822840992,14.11444836,-1.521686394,29.80993616,2
PC2,O=C1C2=C(C=CC=C2)SC3=CC=CC=C31,-8.12683726,-0.62231557,3.8874,2.6368,-13.95822937,-11.0983874,6.342707265,-2.61717031,4.741495369,Alc4,OC(CC1=CC=CC=C1)C2=CC=CC=C2,-8.90697663,1.05415414,110.1584658,33.09993447,2.951163937,-7.586083147,5.978377368,2.553950157,1
PC2,O=C1C2=C(C=CC=C2)SC3=CC=CC=C31,-8.12683726,-0.62231557,3.8874,2.6368,-13.95822937,-11.0983874,6.342707265,-2.61717031,4.741495369,Alc5,OC(CC1=CC=CC=C1)C2=CC=C(C3=CC=CC=C3)C=C2,-8.36030764,0.54884587,110.1647408,-14.62194718,28.80559974,-0.840053273,-5.971192521,5.315228113,1
PC2,O=C1C2=C(C=CC=C2)SC3=CC=CC=C31,-8.12683726,-0.62231557,3.8874,2.6368,-13.95822937,-11.0983874,6.342707265,-2.61717031,4.741495369,Alc6,OC(CC1=CC=CC=C1)C2=CC=C(C)C=C2,-8.66833616,1.06231744,110.0894409,23.62536858,0.661946499,-9.500574307,-8.115361088,-3.419895141,8
PC2,O=C1C2=C(C=CC=C2)SC3=CC=CC=C31,-8.12683726,-0.62231557,3.8874,2.6368,-13.95822937,-11.0983874,6.342707265,-2.61717031,4.741495369,Alc7,OC(CC1=CC=CC=C1)C2=CC=C(OC)C=C2,-8.23187172,1.04735139,110.4094658,9.960979275,-7.691830153,-0.359370043,-7.888556589,3.458110622,11
PC2,O=C1C2=C(C=CC=C2)SC3=CC=CC=C31,-8.12683726,-0.62231557,3.8874,2.6368,-13.95822937,-11.0983874,6.342707265,-2.61717031,4.741495369,Alc8,OC(CC1=CC=CC=C1)C2=CC=C(OC)C(OC)=C2,-7.88792468,1.04517451,110.5224158,-17.43227242,-12.22861103,0.615510936,5.636608796,-2.222466306,63
PC2,O=C1C2=C(C=CC=C2)SC3=CC=CC=C31,-8.12683726,-0.62231557,3.8874,2.6368,-13.95822937,-11.0983874,6.342707265,-2.61717031,4.741495369,Alc9,OC(CC1=CC=CC=C1)C2=C(OC)C=CC=C2OC,-8.24683777,1.0149703,107.1841159,-19.749389,-10.63011667,-9.869495255,27.75351357,0.245719578,9
PC2,O=C1C2=C(C=CC=C2)SC3=CC=CC=C31,-8.12683726,-0.62231557,3.8874,2.6368,-13.95822937,-11.0983874,6.342707265,-2.61717031,4.741495369,Alc10,OC(CC1=CC=CC=C1)(C)C2=CC=C(OC)C=C2,-8.17772183,1.02993635,110.2274909,-2.587590608,-10.3303571,-15.95727555,-17.8057074,3.047377322,18
PC2,O=C1C2=C(C=CC=C2)SC3=CC=CC=C31,-8.12683726,-0.62231557,3.8874,2.6368,-13.95822937,-11.0983874,6.342707265,-2.61717031,4.741495369,Alc11,OC(CC1=CC=CC=C1)(C)C2=CC(OC)=C(OC)C=C2,-7.83976121,1.02803158,110.3090658,-27.79506717,-14.06511715,-12.55596764,-7.437160448,-7.622918174,86
PC2,O=C1C2=C(C=CC=C2)SC3=CC=CC=C31,-8.12683726,-0.62231557,3.8874,2.6368,-13.95822937,-11.0983874,6.342707265,-2.61717031,4.741495369,Alc12,OC(CC1=CC=CC=C1)C2=CC=CS2,-8.64139727,1.03292956,111.8150659,47.28218669,-9.209036271,5.816920017,7.729107998,-0.753545312,1
PC2,O=C1C2=C(C=CC=C2)SC3=CC=CC=C31,-8.12683726,-0.62231557,3.8874,2.6368,-13.95822937,-11.0983874,6.342707265,-2.61717031,4.741495369,Alc14,OC(CC1=CC=CC=C1)C2=CC=C3C(C=CC=C3)=C2,-8.12765359,0.32353879,110.1333659,-1.706180335,23.00233306,0.712412638,-2.276278132,-4.123322789,1
PC2,O=C1C2=C(C=CC=C2)SC3=CC=CC=C31,-8.12683726,-0.62231557,3.8874,2.6368,-13.95822937,-11.0983874,6.342707265,-2.61717031,4.741495369,Alc15,OC(CC1=CC=CC=C1)C2=C3C(C=CC=C3)=CC=C2,-8.02670078,0.27891275,110.2902409,-4.385096277,24.21115311,-3.19848594,10.59038746,-1.904466232,0
PC2,O=C1C2=C(C=CC=C2)SC3=CC=CC=C31,-8.12683726,-0.62231557,3.8874,2.6368,-13.95822937,-11.0983874,6.342707265,-2.61717031,4.741495369,Alc16,OC(CC1=CC=CC=C1)C2=CC(OCO3)=C3C=C2,-7.9864285,1.08381413,109.9953158,-1.575475172,-5.792162856,22.9690514,-4.134971471,-12.12623408,31
PC2,O=C1C2=C(C=CC=C2)SC3=CC=CC=C31,-8.12683726,-0.62231557,3.8874,2.6368,-13.95822937,-11.0983874,6.342707265,-2.61717031,4.741495369,Alc18,OC(CC1=CC=CC=C1)C2=CC=C3C(OCCO3)=C2,-8.04792536,1.06912019,110.6792909,-12.40076038,-2.862124136,15.6389618,-2.537081149,-12.25747392,23
PC3,O=C1C2=C(C=CC=C2)C(C3=CC=CC=C31)=O,-9.54453036,-1.47782941,3.4134,2.7445,-12.21038641,-6.040413137,6.784786866,-4.113330369,-6.352323559,Alc3,OC(CC1=CC=CC=C1)C2=CC=C(C(OC)=O)C=C2,-8.93854139,0.12353794,110.2839659,-11.71469047,-6.822840992,14.11444836,-1.521686394,29.80993616,0
PC3,O=C1C2=C(C=CC=C2)C(C3=CC=CC=C31)=O,-9.54453036,-1.47782941,3.4134,2.7445,-12.21038641,-6.040413137,6.784786866,-4.113330369,-6.352323559,Alc4,OC(CC1=CC=CC=C1)C2=CC=CC=C2,-8.90697663,1.05415414,110.1584658,33.09993447,2.951163937,-7.586083147,5.978377368,2.553950157,4
PC3,O=C1C2=C(C=CC=C2)C(C3=CC=CC=C31)=O,-9.54453036,-1.47782941,3.4134,2.7445,-12.21038641,-6.040413137,6.784786866,-4.113330369,-6.352323559,Alc5,OC(CC1=CC=CC=C1)C2=CC=C(C3=CC=CC=C3)C=C2,-8.36030764,0.54884587,110.1647408,-14.62194718,28.80559974,-0.840053273,-5.971192521,5.315228113,29
PC3,O=C1C2=C(C=CC=C2)C(C3=CC=CC=C31)=O,-9.54453036,-1.47782941,3.4134,2.7445,-12.21038641,-6.040413137,6.784786866,-4.113330369,-6.352323559,Alc6,OC(CC1=CC=CC=C1)C2=CC=C(C)C=C2,-8.66833616,1.06231744,110.0894409,23.62536858,0.661946499,-9.500574307,-8.115361088,-3.419895141,17
PC3,O=C1C2=C(C=CC=C2)C(C3=CC=CC=C31)=O,-9.54453036,-1.47782941,3.4134,2.7445,-12.21038641,-6.040413137,6.784786866,-4.113330369,-6.352323559,Alc7,OC(CC1=CC=CC=C1)C2=CC=C(OC)C=C2,-8.23187172,1.04735139,110.4094658,9.960979275,-7.691830153,-0.359370043,-7.888556589,3.458110622,50
PC3,O=C1C2=C(C=CC=C2)C(C3=CC=CC=C31)=O,-9.54453036,-1.47782941,3.4134,2.7445,-12.21038641,-6.040413137,6.784786866,-4.113330369,-6.352323559,Alc8,OC(CC1=CC=CC=C1)C2=CC=C(OC)C(OC)=C2,-7.88792468,1.04517451,110.5224158,-17.43227242,-12.22861103,0.615510936,5.636608796,-2.222466306,53
PC3,O=C1C2=C(C=CC=C2)C(C3=CC=CC=C31)=O,-9.54453036,-1.47782941,3.4134,2.7445,-12.21038641,-6.040413137,6.784786866,-4.113330369,-6.352323559,Alc9,OC(CC1=CC=CC=C1)C2=C(OC)C=CC=C2OC,-8.24683777,1.0149703,107.1841159,-19.749389,-10.63011667,-9.869495255,27.75351357,0.245719578,12
PC3,O=C1C2=C(C=CC=C2)C(C3=CC=CC=C31)=O,-9.54453036,-1.47782941,3.4134,2.7445,-12.21038641,-6.040413137,6.784786866,-4.113330369,-6.352323559,Alc10,OC(CC1=CC=CC=C1)(C)C2=CC=C(OC)C=C2,-8.17772183,1.02993635,110.2274909,-2.587590608,-10.3303571,-15.95727555,-17.8057074,3.047377322,3
PC3,O=C1C2=C(C=CC=C2)C(C3=CC=CC=C31)=O,-9.54453036,-1.47782941,3.4134,2.7445,-12.21038641,-6.040413137,6.784786866,-4.113330369,-6.352323559,Alc11,OC(CC1=CC=CC=C1)(C)C2=CC(OC)=C(OC)C=C2,-7.83976121,1.02803158,110.3090658,-27.79506717,-14.06511715,-12.55596764,-7.437160448,-7.622918174,24
PC3,O=C1C2=C(C=CC=C2)C(C3=CC=CC=C31)=O,-9.54453036,-1.47782941,3.4134,2.7445,-12.21038641,-6.040413137,6.784786866,-4.113330369,-6.352323559,Alc12,OC(CC1=CC=CC=C1)C2=CC=CS2,-8.64139727,1.03292956,111.8150659,47.28218669,-9.209036271,5.816920017,7.729107998,-0.753545312,13
PC3,O=C1C2=C(C=CC=C2)C(C3=CC=CC=C31)=O,-9.54453036,-1.47782941,3.4134,2.7445,-12.21038641,-6.040413137,6.784786866,-4.113330369,-6.352323559,Alc14,OC(CC1=CC=CC=C1)C2=CC=C3C(C=CC=C3)=C2,-8.12765359,0.32353879,110.1333659,-1.706180335,23.00233306,0.712412638,-2.276278132,-4.123322789,14
PC3,O=C1C2=C(C=CC=C2)C(C3=CC=CC=C31)=O,-9.54453036,-1.47782941,3.4134,2.7445,-12.21038641,-6.040413137,6.784786866,-4.113330369,-6.352323559,Alc15,OC(CC1=CC=CC=C1)C2=C3C(C=CC=C3)=CC=C2,-8.02670078,0.27891275,110.2902409,-4.385096277,24.21115311,-3.19848594,10.59038746,-1.904466232,30
PC3,O=C1C2=C(C=CC=C2)C(C3=CC=CC=C31)=O,-9.54453036,-1.47782941,3.4134,2.7445,-12.21038641,-6.040413137,6.784786866,-4.113330369,-6.352323559,Alc16,OC(CC1=CC=CC=C1)C2=CC(OCO3)=C3C=C2,-7.9864285,1.08381413,109.9953158,-1.575475172,-5.792162856,22.9690514,-4.134971471,-12.12623408,11
PC3,O=C1C2=C(C=CC=C2)C(C3=CC=CC=C31)=O,-9.54453036,-1.47782941,3.4134,2.7445,-12.21038641,-6.040413137,6.784786866,-4.113330369,-6.352323559,Alc18,OC(CC1=CC=CC=C1)C2=CC=C3C(OCCO3)=C2,-8.04792536,1.06912019,110.6792909,-12.40076038,-2.862124136,15.6389618,-2.537081149,-12.25747392,18
PC4,O=C(C1=CC=CC=C1)C2=CC=CC=C2,-9.28901907,-0.37660024,3.9761,2.5987,-18.25729369,0.604401928,-10.29562412,-4.925571776,1.293032512,Alc3,OC(CC1=CC=CC=C1)C2=CC=C(C(OC)=O)C=C2,-8.93854139,0.12353794,110.2839659,-11.71469047,-6.822840992,14.11444836,-1.521686394,29.80993616,3
PC4,O=C(C1=CC=CC=C1)C2=CC=CC=C2,-9.28901907,-0.37660024,3.9761,2.5987,-18.25729369,0.604401928,-10.29562412,-4.925571776,1.293032512,Alc4,OC(CC1=CC=CC=C1)C2=CC=CC=C2,-8.90697663,1.05415414,110.1584658,33.09993447,2.951163937,-7.586083147,5.978377368,2.553950157,1
PC4,O=C(C1=CC=CC=C1)C2=CC=CC=C2,-9.28901907,-0.37660024,3.9761,2.5987,-18.25729369,0.604401928,-10.29562412,-4.925571776,1.293032512,Alc5,OC(CC1=CC=CC=C1)C2=CC=C(C3=CC=CC=C3)C=C2,-8.36030764,0.54884587,110.1647408,-14.62194718,28.80559974,-0.840053273,-5.971192521,5.315228113,0
PC4,O=C(C1=CC=CC=C1)C2=CC=CC=C2,-9.28901907,-0.37660024,3.9761,2.5987,-18.25729369,0.604401928,-10.29562412,-4.925571776,1.293032512,Alc6,OC(CC1=CC=CC=C1)C2=CC=C(C)C=C2,-8.66833616,1.06231744,110.0894409,23.62536858,0.661946499,-9.500574307,-8.115361088,-3.419895141,4
PC4,O=C(C1=CC=CC=C1)C2=CC=CC=C2,-9.28901907,-0.37660024,3.9761,2.5987,-18.25729369,0.604401928,-10.29562412,-4.925571776,1.293032512,Alc7,OC(CC1=CC=CC=C1)C2=CC=C(OC)C=C2,-8.23187172,1.04735139,110.4094658,9.960979275,-7.691830153,-0.359370043,-7.888556589,3.458110622,39
PC4,O=C(C1=CC=CC=C1)C2=CC=CC=C2,-9.28901907,-0.37660024,3.9761,2.5987,-18.25729369,0.604401928,-10.29562412,-4.925571776,1.293032512,Alc8,OC(CC1=CC=CC=C1)C2=CC=C(OC)C(OC)=C2,-7.88792468,1.04517451,110.5224158,-17.43227242,-12.22861103,0.615510936,5.636608796,-2.222466306,73
PC4,O=C(C1=CC=CC=C1)C2=CC=CC=C2,-9.28901907,-0.37660024,3.9761,2.5987,-18.25729369,0.604401928,-10.29562412,-4.925571776,1.293032512,Alc9,OC(CC1=CC=CC=C1)C2=C(OC)C=CC=C2OC,-8.24683777,1.0149703,107.1841159,-19.749389,-10.63011667,-9.869495255,27.75351357,0.245719578,3
PC4,O=C(C1=CC=CC=C1)C2=CC=CC=C2,-9.28901907,-0.37660024,3.9761,2.5987,-18.25729369,0.604401928,-10.29562412,-4.925571776,1.293032512,Alc10,OC(CC1=CC=CC=C1)(C)C2=CC=C(OC)C=C2,-8.17772183,1.02993635,110.2274909,-2.587590608,-10.3303571,-15.95727555,-17.8057074,3.047377322,0
PC4,O=C(C1=CC=CC=C1)C2=CC=CC=C2,-9.28901907,-0.37660024,3.9761,2.5987,-18.25729369,0.604401928,-10.29562412,-4.925571776,1.293032512,Alc11,OC(CC1=CC=CC=C1)(C)C2=CC(OC)=C(OC)C=C2,-7.83976121,1.02803158,110.3090658,-27.79506717,-14.06511715,-12.55596764,-7.437160448,-7.622918174,40
PC4,O=C(C1=CC=CC=C1)C2=CC=CC=C2,-9.28901907,-0.37660024,3.9761,2.5987,-18.25729369,0.604401928,-10.29562412,-4.925571776,1.293032512,Alc12,OC(CC1=CC=CC=C1)C2=CC=CS2,-8.64139727,1.03292956,111.8150659,47.28218669,-9.209036271,5.816920017,7.729107998,-0.753545312,0
PC4,O=C(C1=CC=CC=C1)C2=CC=CC=C2,-9.28901907,-0.37660024,3.9761,2.5987,-18.25729369,0.604401928,-10.29562412,-4.925571776,1.293032512,Alc14,OC(CC1=CC=CC=C1)C2=CC=C3C(C=CC=C3)=C2,-8.12765359,0.32353879,110.1333659,-1.706180335,23.00233306,0.712412638,-2.276278132,-4.123322789,0
PC4,O=C(C1=CC=CC=C1)C2=CC=CC=C2,-9.28901907,-0.37660024,3.9761,2.5987,-18.25729369,0.604401928,-10.29562412,-4.925571776,1.293032512,Alc15,OC(CC1=CC=CC=C1)C2=C3C(C=CC=C3)=CC=C2,-8.02670078,0.27891275,110.2902409,-4.385096277,24.21115311,-3.19848594,10.59038746,-1.904466232,0
PC4,O=C(C1=CC=CC=C1)C2=CC=CC=C2,-9.28901907,-0.37660024,3.9761,2.5987,-18.25729369,0.604401928,-10.29562412,-4.925571776,1.293032512,Alc16,OC(CC1=CC=CC=C1)C2=CC(OCO3)=C3C=C2,-7.9864285,1.08381413,109.9953158,-1.575475172,-5.792162856,22.9690514,-4.134971471,-12.12623408,30
PC4,O=C(C1=CC=CC=C1)C2=CC=CC=C2,-9.28901907,-0.37660024,3.9761,2.5987,-18.25729369,0.604401928,-10.29562412,-4.925571776,1.293032512,Alc18,OC(CC1=CC=CC=C1)C2=CC=C3C(OCCO3)=C2,-8.04792536,1.06912019,110.6792909,-12.40076038,-2.862124136,15.6389618,-2.537081149,-12.25747392,2
PC5,O=C(C1=CC=C(Cl)C=C1)C2=CC=C(Cl)C=C2,-9.22316845,-0.57605687,3.9726,2.546,-5.98750167,14.72445098,0.407076895,-4.328996107,25.91463342,Alc3,OC(CC1=CC=CC=C1)C2=CC=C(C(OC)=O)C=C2,-8.93854139,0.12353794,110.2839659,-11.71469047,-6.822840992,14.11444836,-1.521686394,29.80993616,0
PC5,O=C(C1=CC=C(Cl)C=C1)C2=CC=C(Cl)C=C2,-9.22316845,-0.57605687,3.9726,2.546,-5.98750167,14.72445098,0.407076895,-4.328996107,25.91463342,Alc4,OC(CC1=CC=CC=C1)C2=CC=CC=C2,-8.90697663,1.05415414,110.1584658,33.09993447,2.951163937,-7.586083147,5.978377368,2.553950157,3
PC5,O=C(C1=CC=C(Cl)C=C1)C2=CC=C(Cl)C=C2,-9.22316845,-0.57605687,3.9726,2.546,-5.98750167,14.72445098,0.407076895,-4.328996107,25.91463342,Alc5,OC(CC1=CC=CC=C1)C2=CC=C(C3=CC=CC=C3)C=C2,-8.36030764,0.54884587,110.1647408,-14.62194718,28.80559974,-0.840053273,-5.971192521,5.315228113,0
PC5,O=C(C1=CC=C(Cl)C=C1)C2=CC=C(Cl)C=C2,-9.22316845,-0.57605687,3.9726,2.546,-5.98750167,14.72445098,0.407076895,-4.328996107,25.91463342,Alc6,OC(CC1=CC=CC=C1)C2=CC=C(C)C=C2,-8.66833616,1.06231744,110.0894409,23.62536858,0.661946499,-9.500574307,-8.115361088,-3.419895141,7
PC5,O=C(C1=CC=C(Cl)C=C1)C2=CC=C(Cl)C=C2,-9.22316845,-0.57605687,3.9726,2.546,-5.98750167,14.72445098,0.407076895,-4.328996107,25.91463342,Alc7,OC(CC1=CC=CC=C1)C2=CC=C(OC)C=C2,-8.23187172,1.04735139,110.4094658,9.960979275,-7.691830153,-0.359370043,-7.888556589,3.458110622,51
PC5,O=C(C1=CC=C(Cl)C=C1)C2=CC=C(Cl)C=C2,-9.22316845,-0.57605687,3.9726,2.546,-5.98750167,14.72445098,0.407076895,-4.328996107,25.91463342,Alc8,OC(CC1=CC=CC=C1)C2=CC=C(OC)C(OC)=C2,-7.88792468,1.04517451,110.5224158,-17.43227242,-12.22861103,0.615510936,5.636608796,-2.222466306,72
PC5,O=C(C1=CC=C(Cl)C=C1)C2=CC=C(Cl)C=C2,-9.22316845,-0.57605687,3.9726,2.546,-5.98750167,14.72445098,0.407076895,-4.328996107,25.91463342,Alc9,OC(CC1=CC=CC=C1)C2=C(OC)C=CC=C2OC,-8.24683777,1.0149703,107.1841159,-19.749389,-10.63011667,-9.869495255,27.75351357,0.245719578,7
PC5,O=C(C1=CC=C(Cl)C=C1)C2=CC=C(Cl)C=C2,-9.22316845,-0.57605687,3.9726,2.546,-5.98750167,14.72445098,0.407076895,-4.328996107,25.91463342,Alc10,OC(CC1=CC=CC=C1)(C)C2=CC=C(OC)C=C2,-8.17772183,1.02993635,110.2274909,-2.587590608,-10.3303571,-15.95727555,-17.8057074,3.047377322,24
PC5,O=C(C1=CC=C(Cl)C=C1)C2=CC=C(Cl)C=C2,-9.22316845,-0.57605687,3.9726,2.546,-5.98750167,14.72445098,0.407076895,-4.328996107,25.91463342,Alc11,OC(CC1=CC=CC=C1)(C)C2=CC(OC)=C(OC)C=C2,-7.83976121,1.02803158,110.3090658,-27.79506717,-14.06511715,-12.55596764,-7.437160448,-7.622918174,50
PC5,O=C(C1=CC=C(Cl)C=C1)C2=CC=C(Cl)C=C2,-9.22316845,-0.57605687,3.9726,2.546,-5.98750167,14.72445098,0.407076895,-4.328996107,25.91463342,Alc12,OC(CC1=CC=CC=C1)C2=CC=CS2,-8.64139727,1.03292956,111.8150659,47.28218669,-9.209036271,5.816920017,7.729107998,-0.753545312,1
PC5,O=C(C1=CC=C(Cl)C=C1)C2=CC=C(Cl)C=C2,-9.22316845,-0.57605687,3.9726,2.546,-5.98750167,14.72445098,0.407076895,-4.328996107,25.91463342,Alc14,OC(CC1=CC=CC=C1)C2=CC=C3C(C=CC=C3)=C2,-8.12765359,0.32353879,110.1333659,-1.706180335,23.00233306,0.712412638,-2.276278132,-4.123322789,0
PC5,O=C(C1=CC=C(Cl)C=C1)C2=CC=C(Cl)C=C2,-9.22316845,-0.57605687,3.9726,2.546,-5.98750167,14.72445098,0.407076895,-4.328996107,25.91463342,Alc15,OC(CC1=CC=CC=C1)C2=C3C(C=CC=C3)=CC=C2,-8.02670078,0.27891275,110.2902409,-4.385096277,24.21115311,-3.19848594,10.59038746,-1.904466232,0
PC5,O=C(C1=CC=C(Cl)C=C1)C2=CC=C(Cl)C=C2,-9.22316845,-0.57605687,3.9726,2.546,-5.98750167,14.72445098,0.407076895,-4.328996107,25.91463342,Alc16,OC(CC1=CC=CC=C1)C2=CC(OCO3)=C3C=C2,-7.9864285,1.08381413,109.9953158,-1.575475172,-5.792162856,22.9690514,-4.134971471,-12.12623408,33
PC5,O=C(C1=CC=C(Cl)C=C1)C2=CC=C(Cl)C=C2,-9.22316845,-0.57605687,3.9726,2.546,-5.98750167,14.72445098,0.407076895,-4.328996107,25.91463342,Alc18,OC(CC1=CC=CC=C1)C2=CC=C3C(OCCO3)=C2,-8.04792536,1.06912019,110.6792909,-12.40076038,-2.862124136,15.6389618,-2.537081149,-12.25747392,25
PC6,O=C(C1=CC=C(OC)C=C1)C2=CC=C(OC)C=C2,-8.50452594,-0.13904821,4.0845,2.642,9.84973867,21.81589862,-11.36069413,0.307949244,-1.767469302,Alc3,OC(CC1=CC=CC=C1)C2=CC=C(C(OC)=O)C=C2,-8.93854139,0.12353794,110.2839659,-11.71469047,-6.822840992,14.11444836,-1.521686394,29.80993616,0
PC6,O=C(C1=CC=C(OC)C=C1)C2=CC=C(OC)C=C2,-8.50452594,-0.13904821,4.0845,2.642,9.84973867,21.81589862,-11.36069413,0.307949244,-1.767469302,Alc4,OC(CC1=CC=CC=C1)C2=CC=CC=C2,-8.90697663,1.05415414,110.1584658,33.09993447,2.951163937,-7.586083147,5.978377368,2.553950157,0
PC6,O=C(C1=CC=C(OC)C=C1)C2=CC=C(OC)C=C2,-8.50452594,-0.13904821,4.0845,2.642,9.84973867,21.81589862,-11.36069413,0.307949244,-1.767469302,Alc5,OC(CC1=CC=CC=C1)C2=CC=C(C3=CC=CC=C3)C=C2,-8.36030764,0.54884587,110.1647408,-14.62194718,28.80559974,-0.840053273,-5.971192521,5.315228113,0
PC6,O=C(C1=CC=C(OC)C=C1)C2=CC=C(OC)C=C2,-8.50452594,-0.13904821,4.0845,2.642,9.84973867,21.81589862,-11.36069413,0.307949244,-1.767469302,Alc6,OC(CC1=CC=CC=C1)C2=CC=C(C)C=C2,-8.66833616,1.06231744,110.0894409,23.62536858,0.661946499,-9.500574307,-8.115361088,-3.419895141,0
PC6,O=C(C1=CC=C(OC)C=C1)C2=CC=C(OC)C=C2,-8.50452594,-0.13904821,4.0845,2.642,9.84973867,21.81589862,-11.36069413,0.307949244,-1.767469302,Alc7,OC(CC1=CC=CC=C1)C2=CC=C(OC)C=C2,-8.23187172,1.04735139,110.4094658,9.960979275,-7.691830153,-0.359370043,-7.888556589,3.458110622,0
PC6,O=C(C1=CC=C(OC)C=C1)C2=CC=C(OC)C=C2,-8.50452594,-0.13904821,4.0845,2.642,9.84973867,21.81589862,-11.36069413,0.307949244,-1.767469302,Alc8,OC(CC1=CC=CC=C1)C2=CC=C(OC)C(OC)=C2,-7.88792468,1.04517451,110.5224158,-17.43227242,-12.22861103,0.615510936,5.636608796,-2.222466306,27
PC6,O=C(C1=CC=C(OC)C=C1)C2=CC=C(OC)C=C2,-8.50452594,-0.13904821,4.0845,2.642,9.84973867,21.81589862,-11.36069413,0.307949244,-1.767469302,Alc9,OC(CC1=CC=CC=C1)C2=C(OC)C=CC=C2OC,-8.24683777,1.0149703,107.1841159,-19.749389,-10.63011667,-9.869495255,27.75351357,0.245719578,0
PC6,O=C(C1=CC=C(OC)C=C1)C2=CC=C(OC)C=C2,-8.50452594,-0.13904821,4.0845,2.642,9.84973867,21.81589862,-11.36069413,0.307949244,-1.767469302,Alc10,OC(CC1=CC=CC=C1)(C)C2=CC=C(OC)C=C2,-8.17772183,1.02993635,110.2274909,-2.587590608,-10.3303571,-15.95727555,-17.8057074,3.047377322,0
PC6,O=C(C1=CC=C(OC)C=C1)C2=CC=C(OC)C=C2,-8.50452594,-0.13904821,4.0845,2.642,9.84973867,21.81589862,-11.36069413,0.307949244,-1.767469302,Alc11,OC(CC1=CC=CC=C1)(C)C2=CC(OC)=C(OC)C=C2,-7.83976121,1.02803158,110.3090658,-27.79506717,-14.06511715,-12.55596764,-7.437160448,-7.622918174,2
PC6,O=C(C1=CC=C(OC)C=C1)C2=CC=C(OC)C=C2,-8.50452594,-0.13904821,4.0845,2.642,9.84973867,21.81589862,-11.36069413,0.307949244,-1.767469302,Alc12,OC(CC1=CC=CC=C1)C2=CC=CS2,-8.64139727,1.03292956,111.8150659,47.28218669,-9.209036271,5.816920017,7.729107998,-0.753545312,0
PC6,O=C(C1=CC=C(OC)C=C1)C2=CC=C(OC)C=C2,-8.50452594,-0.13904821,4.0845,2.642,9.84973867,21.81589862,-11.36069413,0.307949244,-1.767469302,Alc14,OC(CC1=CC=CC=C1)C2=CC=C3C(C=CC=C3)=C2,-8.12765359,0.32353879,110.1333659,-1.706180335,23.00233306,0.712412638,-2.276278132,-4.123322789,0
PC6,O=C(C1=CC=C(OC)C=C1)C2=CC=C(OC)C=C2,-8.50452594,-0.13904821,4.0845,2.642,9.84973867,21.81589862,-11.36069413,0.307949244,-1.767469302,Alc15,OC(CC1=CC=CC=C1)C2=C3C(C=CC=C3)=CC=C2,-8.02670078,0.27891275,110.2902409,-4.385096277,24.21115311,-3.19848594,10.59038746,-1.904466232,0
PC6,O=C(C1=CC=C(OC)C=C1)C2=CC=C(OC)C=C2,-8.50452594,-0.13904821,4.0845,2.642,9.84973867,21.81589862,-11.36069413,0.307949244,-1.767469302,Alc16,OC(CC1=CC=CC=C1)C2=CC(OCO3)=C3C=C2,-7.9864285,1.08381413,109.9953158,-1.575475172,-5.792162856,22.9690514,-4.134971471,-12.12623408,4
PC6,O=C(C1=CC=C(OC)C=C1)C2=CC=C(OC)C=C2,-8.50452594,-0.13904821,4.0845,2.642,9.84973867,21.81589862,-11.36069413,0.307949244,-1.767469302,Alc18,OC(CC1=CC=CC=C1)C2=CC=C3C(OCCO3)=C2,-8.04792536,1.06912019,110.6792909,-12.40076038,-2.862124136,15.6389618,-2.537081149,-12.25747392,0
PC7,O=C(C1=CC=C(N(C)C)C=C1)C2=CC=C(N(C)C)C=C2,-7.38805861,0.0952385,4.0322,2.6504,22.90318025,20.46196044,-21.83171313,2.754863832,-6.803284156,Alc3,OC(CC1=CC=CC=C1)C2=CC=C(C(OC)=O)C=C2,-8.93854139,0.12353794,110.2839659,-11.71469047,-6.822840992,14.11444836,-1.521686394,29.80993616,0
PC7,O=C(C1=CC=C(N(C)C)C=C1)C2=CC=C(N(C)C)C=C2,-7.38805861,0.0952385,4.0322,2.6504,22.90318025,20.46196044,-21.83171313,2.754863832,-6.803284156,Alc4,OC(CC1=CC=CC=C1)C2=CC=CC=C2,-8.90697663,1.05415414,110.1584658,33.09993447,2.951163937,-7.586083147,5.978377368,2.553950157,0
PC7,O=C(C1=CC=C(N(C)C)C=C1)C2=CC=C(N(C)C)C=C2,-7.38805861,0.0952385,4.0322,2.6504,22.90318025,20.46196044,-21.83171313,2.754863832,-6.803284156,Alc5,OC(CC1=CC=CC=C1)C2=CC=C(C3=CC=CC=C3)C=C2,-8.36030764,0.54884587,110.1647408,-14.62194718,28.80559974,-0.840053273,-5.971192521,5.315228113,0
PC7,O=C(C1=CC=C(N(C)C)C=C1)C2=CC=C(N(C)C)C=C2,-7.38805861,0.0952385,4.0322,2.6504,22.90318025,20.46196044,-21.83171313,2.754863832,-6.803284156,Alc6,OC(CC1=CC=CC=C1)C2=CC=C(C)C=C2,-8.66833616,1.06231744,110.0894409,23.62536858,0.661946499,-9.500574307,-8.115361088,-3.419895141,1
PC7,O=C(C1=CC=C(N(C)C)C=C1)C2=CC=C(N(C)C)C=C2,-7.38805861,0.0952385,4.0322,2.6504,22.90318025,20.46196044,-21.83171313,2.754863832,-6.803284156,Alc7,OC(CC1=CC=CC=C1)C2=CC=C(OC)C=C2,-8.23187172,1.04735139,110.4094658,9.960979275,-7.691830153,-0.359370043,-7.888556589,3.458110622,0
PC7,O=C(C1=CC=C(N(C)C)C=C1)C2=CC=C(N(C)C)C=C2,-7.38805861,0.0952385,4.0322,2.6504,22.90318025,20.46196044,-21.83171313,2.754863832,-6.803284156,Alc8,OC(CC1=CC=CC=C1)C2=CC=C(OC)C(OC)=C2,-7.88792468,1.04517451,110.5224158,-17.43227242,-12.22861103,0.615510936,5.636608796,-2.222466306,2
PC7,O=C(C1=CC=C(N(C)C)C=C1)C2=CC=C(N(C)C)C=C2,-7.38805861,0.0952385,4.0322,2.6504,22.90318025,20.46196044,-21.83171313,2.754863832,-6.803284156,Alc9,OC(CC1=CC=CC=C1)C2=C(OC)C=CC=C2OC,-8.24683777,1.0149703,107.1841159,-19.749389,-10.63011667,-9.869495255,27.75351357,0.245719578,2
PC7,O=C(C1=CC=C(N(C)C)C=C1)C2=CC=C(N(C)C)C=C2,-7.38805861,0.0952385,4.0322,2.6504,22.90318025,20.46196044,-21.83171313,2.754863832,-6.803284156,Alc10,OC(CC1=CC=CC=C1)(C)C2=CC=C(OC)C=C2,-8.17772183,1.02993635,110.2274909,-2.587590608,-10.3303571,-15.95727555,-17.8057074,3.047377322,0
PC7,O=C(C1=CC=C(N(C)C)C=C1)C2=CC=C(N(C)C)C=C2,-7.38805861,0.0952385,4.0322,2.6504,22.90318025,20.46196044,-21.83171313,2.754863832,-6.803284156,Alc11,OC(CC1=CC=CC=C1)(C)C2=CC(OC)=C(OC)C=C2,-7.83976121,1.02803158,110.3090658,-27.79506717,-14.06511715,-12.55596764,-7.437160448,-7.622918174,0
PC7,O=C(C1=CC=C(N(C)C)C=C1)C2=CC=C(N(C)C)C=C2,-7.38805861,0.0952385,4.0322,2.6504,22.90318025,20.46196044,-21.83171313,2.754863832,-6.803284156,Alc12,OC(CC1=CC=CC=C1)C2=CC=CS2,-8.64139727,1.03292956,111.8150659,47.28218669,-9.209036271,5.816920017,7.729107998,-0.753545312,0
PC7,O=C(C1=CC=C(N(C)C)C=C1)C2=CC=C(N(C)C)C=C2,-7.38805861,0.0952385,4.0322,2.6504,22.90318025,20.46196044,-21.83171313,2.754863832,-6.803284156,Alc14,OC(CC1=CC=CC=C1)C2=CC=C3C(C=CC=C3)=C2,-8.12765359,0.32353879,110.1333659,-1.706180335,23.00233306,0.712412638,-2.276278132,-4.123322789,0
PC7,O=C(C1=CC=C(N(C)C)C=C1)C2=CC=C(N(C)C)C=C2,-7.38805861,0.0952385,4.0322,2.6504,22.90318025,20.46196044,-21.83171313,2.754863832,-6.803284156,Alc15,OC(CC1=CC=CC=C1)C2=C3C(C=CC=C3)=CC=C2,-8.02670078,0.27891275,110.2902409,-4.385096277,24.21115311,-3.19848594,10.59038746,-1.904466232,0
PC7,O=C(C1=CC=C(N(C)C)C=C1)C2=CC=C(N(C)C)C=C2,-7.38805861,0.0952385,4.0322,2.6504,22.90318025,20.46196044,-21.83171313,2.754863832,-6.803284156,Alc16,OC(CC1=CC=CC=C1)C2=CC(OCO3)=C3C=C2,-7.9864285,1.08381413,109.9953158,-1.575475172,-5.792162856,22.9690514,-4.134971471,-12.12623408,0
PC7,O=C(C1=CC=C(N(C)C)C=C1)C2=CC=C(N(C)C)C=C2,-7.38805861,0.0952385,4.0322,2.6504,22.90318025,20.46196044,-21.83171313,2.754863832,-6.803284156,Alc18,OC(CC1=CC=CC=C1)C2=CC=C3C(OCCO3)=C2,-8.04792536,1.06912019,110.6792909,-12.40076038,-2.862124136,15.6389618,-2.537081149,-12.25747392,0
PC8,O=C1C2=C(C=CC=C2)NC3=CC=CC=C31,-7.8748634,-0.36626006,3.8604,2.5643,-15.2180933,-5.065812812,2.730459956,-4.093225156,-4.251546386,Alc3,OC(CC1=CC=CC=C1)C2=CC=C(C(OC)=O)C=C2,-8.93854139,0.12353794,110.2839659,-11.71469047,-6.822840992,14.11444836,-1.521686394,29.80993616,1
PC8,O=C1C2=C(C=CC=C2)NC3=CC=CC=C31,-7.8748634,-0.36626006,3.8604,2.5643,-15.2180933,-5.065812812,2.730459956,-4.093225156,-4.251546386,Alc4,OC(CC1=CC=CC=C1)C2=CC=CC=C2,-8.90697663,1.05415414,110.1584658,33.09993447,2.951163937,-7.586083147,5.978377368,2.553950157,0
PC8,O=C1C2=C(C=CC=C2)NC3=CC=CC=C31,-7.8748634,-0.36626006,3.8604,2.5643,-15.2180933,-5.065812812,2.730459956,-4.093225156,-4.251546386,Alc5,OC(CC1=CC=CC=C1)C2=CC=C(C3=CC=CC=C3)C=C2,-8.36030764,0.54884587,110.1647408,-14.62194718,28.80559974,-0.840053273,-5.971192521,5.315228113,1
PC8,O=C1C2=C(C=CC=C2)NC3=CC=CC=C31,-7.8748634,-0.36626006,3.8604,2.5643,-15.2180933,-5.065812812,2.730459956,-4.093225156,-4.251546386,Alc6,OC(CC1=CC=CC=C1)C2=CC=C(C)C=C2,-8.66833616,1.06231744,110.0894409,23.62536858,0.661946499,-9.500574307,-8.115361088,-3.419895141,4
PC8,O=C1C2=C(C=CC=C2)NC3=CC=CC=C31,-7.8748634,-0.36626006,3.8604,2.5643,-15.2180933,-5.065812812,2.730459956,-4.093225156,-4.251546386,Alc7,OC(CC1=CC=CC=C1)C2=CC=C(OC)C=C2,-8.23187172,1.04735139,110.4094658,9.960979275,-7.691830153,-0.359370043,-7.888556589,3.458110622,3
PC8,O=C1C2=C(C=CC=C2)NC3=CC=CC=C31,-7.8748634,-0.36626006,3.8604,2.5643,-15.2180933,-5.065812812,2.730459956,-4.093225156,-4.251546386,Alc8,OC(CC1=CC=CC=C1)C2=CC=C(OC)C(OC)=C2,-7.88792468,1.04517451,110.5224158,-17.43227242,-12.22861103,0.615510936,5.636608796,-2.222466306,7
PC8,O=C1C2=C(C=CC=C2)NC3=CC=CC=C31,-7.8748634,-0.36626006,3.8604,2.5643,-15.2180933,-5.065812812,2.730459956,-4.093225156,-4.251546386,Alc9,OC(CC1=CC=CC=C1)C2=C(OC)C=CC=C2OC,-8.24683777,1.0149703,107.1841159,-19.749389,-10.63011667,-9.869495255,27.75351357,0.245719578,5
PC8,O=C1C2=C(C=CC=C2)NC3=CC=CC=C31,-7.8748634,-0.36626006,3.8604,2.5643,-15.2180933,-5.065812812,2.730459956,-4.093225156,-4.251546386,Alc10,OC(CC1=CC=CC=C1)(C)C2=CC=C(OC)C=C2,-8.17772183,1.02993635,110.2274909,-2.587590608,-10.3303571,-15.95727555,-17.8057074,3.047377322,0
PC8,O=C1C2=C(C=CC=C2)NC3=CC=CC=C31,-7.8748634,-0.36626006,3.8604,2.5643,-15.2180933,-5.065812812,2.730459956,-4.093225156,-4.251546386,Alc11,OC(CC1=CC=CC=C1)(C)C2=CC(OC)=C(OC)C=C2,-7.83976121,1.02803158,110.3090658,-27.79506717,-14.06511715,-12.55596764,-7.437160448,-7.622918174,37
PC8,O=C1C2=C(C=CC=C2)NC3=CC=CC=C31,-7.8748634,-0.36626006,3.8604,2.5643,-15.2180933,-5.065812812,2.730459956,-4.093225156,-4.251546386,Alc12,OC(CC1=CC=CC=C1)C2=CC=CS2,-8.64139727,1.03292956,111.8150659,47.28218669,-9.209036271,5.816920017,7.729107998,-0.753545312,0
PC8,O=C1C2=C(C=CC=C2)NC3=CC=CC=C31,-7.8748634,-0.36626006,3.8604,2.5643,-15.2180933,-5.065812812,2.730459956,-4.093225156,-4.251546386,Alc14,OC(CC1=CC=CC=C1)C2=CC=C3C(C=CC=C3)=C2,-8.12765359,0.32353879,110.1333659,-1.706180335,23.00233306,0.712412638,-2.276278132,-4.123322789,2
PC8,O=C1C2=C(C=CC=C2)NC3=CC=CC=C31,-7.8748634,-0.36626006,3.8604,2.5643,-15.2180933,-5.065812812,2.730459956,-4.093225156,-4.251546386,Alc15,OC(CC1=CC=CC=C1)C2=C3C(C=CC=C3)=CC=C2,-8.02670078,0.27891275,110.2902409,-4.385096277,24.21115311,-3.19848594,10.59038746,-1.904466232,5
PC8,O=C1C2=C(C=CC=C2)NC3=CC=CC=C31,-7.8748634,-0.36626006,3.8604,2.5643,-15.2180933,-5.065812812,2.730459956,-4.093225156,-4.251546386,Alc16,OC(CC1=CC=CC=C1)C2=CC(OCO3)=C3C=C2,-7.9864285,1.08381413,109.9953158,-1.575475172,-5.792162856,22.9690514,-4.134971471,-12.12623408,1
PC8,O=C1C2=C(C=CC=C2)NC3=CC=CC=C31,-7.8748634,-0.36626006,3.8604,2.5643,-15.2180933,-5.065812812,2.730459956,-4.093225156,-4.251546386,Alc18,OC(CC1=CC=CC=C1)C2=CC=C3C(OCCO3)=C2,-8.04792536,1.06912019,110.6792909,-12.40076038,-2.862124136,15.6389618,-2.537081149,-12.25747392,7
PC9,O=C1C2=C(C=CC=C2)OC3=CC=CC=C31,-8.59541068,-0.57796164,4.0934,2.9348,-16.99992895,-4.38023143,7.35688693,-7.196183971,-4.625881942,Alc3,OC(CC1=CC=CC=C1)C2=CC=C(C(OC)=O)C=C2,-8.93854139,0.12353794,110.2839659,-11.71469047,-6.822840992,14.11444836,-1.521686394,29.80993616,0
PC9,O=C1C2=C(C=CC=C2)OC3=CC=CC=C31,-8.59541068,-0.57796164,4.0934,2.9348,-16.99992895,-4.38023143,7.35688693,-7.196183971,-4.625881942,Alc4,OC(CC1=CC=CC=C1)C2=CC=CC=C2,-8.90697663,1.05415414,110.1584658,33.09993447,2.951163937,-7.586083147,5.978377368,2.553950157,0
PC9,O=C1C2=C(C=CC=C2)OC3=CC=CC=C31,-8.59541068,-0.57796164,4.0934,2.9348,-16.99992895,-4.38023143,7.35688693,-7.196183971,-4.625881942,Alc5,OC(CC1=CC=CC=C1)C2=CC=C(C3=CC=CC=C3)C=C2,-8.36030764,0.54884587,110.1647408,-14.62194718,28.80559974,-0.840053273,-5.971192521,5.315228113,0
PC9,O=C1C2=C(C=CC=C2)OC3=CC=CC=C31,-8.59541068,-0.57796164,4.0934,2.9348,-16.99992895,-4.38023143,7.35688693,-7.196183971,-4.625881942,Alc6,OC(CC1=CC=CC=C1)C2=CC=C(C)C=C2,-8.66833616,1.06231744,110.0894409,23.62536858,0.661946499,-9.500574307,-8.115361088,-3.419895141,0
PC9,O=C1C2=C(C=CC=C2)OC3=CC=CC=C31,-8.59541068,-0.57796164,4.0934,2.9348,-16.99992895,-4.38023143,7.35688693,-7.196183971,-4.625881942,Alc7,OC(CC1=CC=CC=C1)C2=CC=C(OC)C=C2,-8.23187172,1.04735139,110.4094658,9.960979275,-7.691830153,-0.359370043,-7.888556589,3.458110622,0
PC9,O=C1C2=C(C=CC=C2)OC3=CC=CC=C31,-8.59541068,-0.57796164,4.0934,2.9348,-16.99992895,-4.38023143,7.35688693,-7.196183971,-4.625881942,Alc8,OC(CC1=CC=CC=C1)C2=CC=C(OC)C(OC)=C2,-7.88792468,1.04517451,110.5224158,-17.43227242,-12.22861103,0.615510936,5.636608796,-2.222466306,10
PC9,O=C1C2=C(C=CC=C2)OC3=CC=CC=C31,-8.59541068,-0.57796164,4.0934,2.9348,-16.99992895,-4.38023143,7.35688693,-7.196183971,-4.625881942,Alc9,OC(CC1=CC=CC=C1)C2=C(OC)C=CC=C2OC,-8.24683777,1.0149703,107.1841159,-19.749389,-10.63011667,-9.869495255,27.75351357,0.245719578,3
PC9,O=C1C2=C(C=CC=C2)OC3=CC=CC=C31,-8.59541068,-0.57796164,4.0934,2.9348,-16.99992895,-4.38023143,7.35688693,-7.196183971,-4.625881942,Alc10,OC(CC1=CC=CC=C1)(C)C2=CC=C(OC)C=C2,-8.17772183,1.02993635,110.2274909,-2.587590608,-10.3303571,-15.95727555,-17.8057074,3.047377322,0
PC9,O=C1C2=C(C=CC=C2)OC3=CC=CC=C31,-8.59541068,-0.57796164,4.0934,2.9348,-16.99992895,-4.38023143,7.35688693,-7.196183971,-4.625881942,Alc11,OC(CC1=CC=CC=C1)(C)C2=CC(OC)=C(OC)C=C2,-7.83976121,1.02803158,110.3090658,-27.79506717,-14.06511715,-12.55596764,-7.437160448,-7.622918174,0
PC9,O=C1C2=C(C=CC=C2)OC3=CC=CC=C31,-8.59541068,-0.57796164,4.0934,2.9348,-16.99992895,-4.38023143,7.35688693,-7.196183971,-4.625881942,Alc12,OC(CC1=CC=CC=C1)C2=CC=CS2,-8.64139727,1.03292956,111.8150659,47.28218669,-9.209036271,5.816920017,7.729107998,-0.753545312,0
PC9,O=C1C2=C(C=CC=C2)OC3=CC=CC=C31,-8.59541068,-0.57796164,4.0934,2.9348,-16.99992895,-4.38023143,7.35688693,-7.196183971,-4.625881942,Alc14,OC(CC1=CC=CC=C1)C2=CC=C3C(C=CC=C3)=C2,-8.12765359,0.32353879,110.1333659,-1.706180335,23.00233306,0.712412638,-2.276278132,-4.123322789,0
PC9,O=C1C2=C(C=CC=C2)OC3=CC=CC=C31,-8.59541068,-0.57796164,4.0934,2.9348,-16.99992895,-4.38023143,7.35688693,-7.196183971,-4.625881942,Alc15,OC(CC1=CC=CC=C1)C2=C3C(C=CC=C3)=CC=C2,-8.02670078,0.27891275,110.2902409,-4.385096277,24.21115311,-3.19848594,10.59038746,-1.904466232,0
PC9,O=C1C2=C(C=CC=C2)OC3=CC=CC=C31,-8.59541068,-0.57796164,4.0934,2.9348,-16.99992895,-4.38023143,7.35688693,-7.196183971,-4.625881942,Alc16,OC(CC1=CC=CC=C1)C2=CC(OCO3)=C3C=C2,-7.9864285,1.08381413,109.9953158,-1.575475172,-5.792162856,22.9690514,-4.134971471,-12.12623408,1
PC9,O=C1C2=C(C=CC=C2)OC3=CC=CC=C31,-8.59541068,-0.57796164,4.0934,2.9348,-16.99992895,-4.38023143,7.35688693,-7.196183971,-4.625881942,Alc18,OC(CC1=CC=CC=C1)C2=CC=C3C(OCCO3)=C2,-8.04792536,1.06912019,110.6792909,-12.40076038,-2.862124136,15.6389618,-2.537081149,-12.25747392,0
PC10,O=C1C2=C(C=CC=C2)C3=C1C=CC=C3,-8.50833548,-0.98639875,3.4198,2.1715,-21.10709302,-10.80223132,0.967480201,6.418706509,-6.342836385,Alc3,OC(CC1=CC=CC=C1)C2=CC=C(C(OC)=O)C=C2,-8.93854139,0.12353794,110.2839659,-11.71469047,-6.822840992,14.11444836,-1.521686394,29.80993616,1
PC10,O=C1C2=C(C=CC=C2)C3=C1C=CC=C3,-8.50833548,-0.98639875,3.4198,2.1715,-21.10709302,-10.80223132,0.967480201,6.418706509,-6.342836385,Alc4,OC(CC1=CC=CC=C1)C2=CC=CC=C2,-8.90697663,1.05415414,110.1584658,33.09993447,2.951163937,-7.586083147,5.978377368,2.553950157,0
PC10,O=C1C2=C(C=CC=C2)C3=C1C=CC=C3,-8.50833548,-0.98639875,3.4198,2.1715,-21.10709302,-10.80223132,0.967480201,6.418706509,-6.342836385,Alc5,OC(CC1=CC=CC=C1)C2=CC=C(C3=CC=CC=C3)C=C2,-8.36030764,0.54884587,110.1647408,-14.62194718,28.80559974,-0.840053273,-5.971192521,5.315228113,0
PC10,O=C1C2=C(C=CC=C2)C3=C1C=CC=C3,-8.50833548,-0.98639875,3.4198,2.1715,-21.10709302,-10.80223132,0.967480201,6.418706509,-6.342836385,Alc6,OC(CC1=CC=CC=C1)C2=CC=C(C)C=C2,-8.66833616,1.06231744,110.0894409,23.62536858,0.661946499,-9.500574307,-8.115361088,-3.419895141,0
PC10,O=C1C2=C(C=CC=C2)C3=C1C=CC=C3,-8.50833548,-0.98639875,3.4198,2.1715,-21.10709302,-10.80223132,0.967480201,6.418706509,-6.342836385,Alc7,OC(CC1=CC=CC=C1)C2=CC=C(OC)C=C2,-8.23187172,1.04735139,110.4094658,9.960979275,-7.691830153,-0.359370043,-7.888556589,3.458110622,6
PC10,O=C1C2=C(C=CC=C2)C3=C1C=CC=C3,-8.50833548,-0.98639875,3.4198,2.1715,-21.10709302,-10.80223132,0.967480201,6.418706509,-6.342836385,Alc8,OC(CC1=CC=CC=C1)C2=CC=C(OC)C(OC)=C2,-7.88792468,1.04517451,110.5224158,-17.43227242,-12.22861103,0.615510936,5.636608796,-2.222466306,3
PC10,O=C1C2=C(C=CC=C2)C3=C1C=CC=C3,-8.50833548,-0.98639875,3.4198,2.1715,-21.10709302,-10.80223132,0.967480201,6.418706509,-6.342836385,Alc9,OC(CC1=CC=CC=C1)C2=C(OC)C=CC=C2OC,-8.24683777,1.0149703,107.1841159,-19.749389,-10.63011667,-9.869495255,27.75351357,0.245719578,2
PC10,O=C1C2=C(C=CC=C2)C3=C1C=CC=C3,-8.50833548,-0.98639875,3.4198,2.1715,-21.10709302,-10.80223132,0.967480201,6.418706509,-6.342836385,Alc10,OC(CC1=CC=CC=C1)(C)C2=CC=C(OC)C=C2,-8.17772183,1.02993635,110.2274909,-2.587590608,-10.3303571,-15.95727555,-17.8057074,3.047377322,1
PC10,O=C1C2=C(C=CC=C2)C3=C1C=CC=C3,-8.50833548,-0.98639875,3.4198,2.1715,-21.10709302,-10.80223132,0.967480201,6.418706509,-6.342836385,Alc11,OC(CC1=CC=CC=C1)(C)C2=CC(OC)=C(OC)C=C2,-7.83976121,1.02803158,110.3090658,-27.79506717,-14.06511715,-12.55596764,-7.437160448,-7.622918174,2
PC10,O=C1C2=C(C=CC=C2)C3=C1C=CC=C3,-8.50833548,-0.98639875,3.4198,2.1715,-21.10709302,-10.80223132,0.967480201,6.418706509,-6.342836385,Alc12,OC(CC1=CC=CC=C1)C2=CC=CS2,-8.64139727,1.03292956,111.8150659,47.28218669,-9.209036271,5.816920017,7.729107998,-0.753545312,0
PC10,O=C1C2=C(C=CC=C2)C3=C1C=CC=C3,-8.50833548,-0.98639875,3.4198,2.1715,-21.10709302,-10.80223132,0.967480201,6.418706509,-6.342836385,Alc14,OC(CC1=CC=CC=C1)C2=CC=C3C(C=CC=C3)=C2,-8.12765359,0.32353879,110.1333659,-1.706180335,23.00233306,0.712412638,-2.276278132,-4.123322789,0
PC10,O=C1C2=C(C=CC=C2)C3=C1C=CC=C3,-8.50833548,-0.98639875,3.4198,2.1715,-21.10709302,-10.80223132,0.967480201,6.418706509,-6.342836385,Alc15,OC(CC1=CC=CC=C1)C2=C3C(C=CC=C3)=CC=C2,-8.02670078,0.27891275,110.2902409,-4.385096277,24.21115311,-3.19848594,10.59038746,-1.904466232,1
PC10,O=C1C2=C(C=CC=C2)C3=C1C=CC=C3,-8.50833548,-0.98639875,3.4198,2.1715,-21.10709302,-10.80223132,0.967480201,6.418706509,-6.342836385,Alc16,OC(CC1=CC=CC=C1)C2=CC(OCO3)=C3C=C2,-7.9864285,1.08381413,109.9953158,-1.575475172,-5.792162856,22.9690514,-4.134971471,-12.12623408,1
PC10,O=C1C2=C(C=CC=C2)C3=C1C=CC=C3,-8.50833548,-0.98639875,3.4198,2.1715,-21.10709302,-10.80223132,0.967480201,6.418706509,-6.342836385,Alc18,OC(CC1=CC=CC=C1)C2=CC=C3C(OCCO3)=C2,-8.04792536,1.06912019,110.6792909,-12.40076038,-2.862124136,15.6389618,-2.537081149,-12.25747392,0
PC11,O=C1C2=C(C=CC=C2)CCC3=C1C=CC=C3,-9.01309953,-0.36517162,3.9404,2.4235,-7.292857189,-4.96073948,-6.648974805,4.54066911,-5.183000086,Alc3,OC(CC1=CC=CC=C1)C2=CC=C(C(OC)=O)C=C2,-8.93854139,0.12353794,110.2839659,-11.71469047,-6.822840992,14.11444836,-1.521686394,29.80993616,0
PC11,O=C1C2=C(C=CC=C2)CCC3=C1C=CC=C3,-9.01309953,-0.36517162,3.9404,2.4235,-7.292857189,-4.96073948,-6.648974805,4.54066911,-5.183000086,Alc4,OC(CC1=CC=CC=C1)C2=CC=CC=C2,-8.90697663,1.05415414,110.1584658,33.09993447,2.951163937,-7.586083147,5.978377368,2.553950157,3
PC11,O=C1C2=C(C=CC=C2)CCC3=C1C=CC=C3,-9.01309953,-0.36517162,3.9404,2.4235,-7.292857189,-4.96073948,-6.648974805,4.54066911,-5.183000086,Alc5,OC(CC1=CC=CC=C1)C2=CC=C(C3=CC=CC=C3)C=C2,-8.36030764,0.54884587,110.1647408,-14.62194718,28.80559974,-0.840053273,-5.971192521,5.315228113,1
PC11,O=C1C2=C(C=CC=C2)CCC3=C1C=CC=C3,-9.01309953,-0.36517162,3.9404,2.4235,-7.292857189,-4.96073948,-6.648974805,4.54066911,-5.183000086,Alc6,OC(CC1=CC=CC=C1)C2=CC=C(C)C=C2,-8.66833616,1.06231744,110.0894409,23.62536858,0.661946499,-9.500574307,-8.115361088,-3.419895141,7
PC11,O=C1C2=C(C=CC=C2)CCC3=C1C=CC=C3,-9.01309953,-0.36517162,3.9404,2.4235,-7.292857189,-4.96073948,-6.648974805,4.54066911,-5.183000086,Alc7,OC(CC1=CC=CC=C1)C2=CC=C(OC)C=C2,-8.23187172,1.04735139,110.4094658,9.960979275,-7.691830153,-0.359370043,-7.888556589,3.458110622,36
PC11,O=C1C2=C(C=CC=C2)CCC3=C1C=CC=C3,-9.01309953,-0.36517162,3.9404,2.4235,-7.292857189,-4.96073948,-6.648974805,4.54066911,-5.183000086,Alc8,OC(CC1=CC=CC=C1)C2=CC=C(OC)C(OC)=C2,-7.88792468,1.04517451,110.5224158,-17.43227242,-12.22861103,0.615510936,5.636608796,-2.222466306,82
PC11,O=C1C2=C(C=CC=C2)CCC3=C1C=CC=C3,-9.01309953,-0.36517162,3.9404,2.4235,-7.292857189,-4.96073948,-6.648974805,4.54066911,-5.183000086,Alc9,OC(CC1=CC=CC=C1)C2=C(OC)C=CC=C2OC,-8.24683777,1.0149703,107.1841159,-19.749389,-10.63011667,-9.869495255,27.75351357,0.245719578,3
PC11,O=C1C2=C(C=CC=C2)CCC3=C1C=CC=C3,-9.01309953,-0.36517162,3.9404,2.4235,-7.292857189,-4.96073948,-6.648974805,4.54066911,-5.183000086,Alc10,OC(CC1=CC=CC=C1)(C)C2=CC=C(OC)C=C2,-8.17772183,1.02993635,110.2274909,-2.587590608,-10.3303571,-15.95727555,-17.8057074,3.047377322,19
PC11,O=C1C2=C(C=CC=C2)CCC3=C1C=CC=C3,-9.01309953,-0.36517162,3.9404,2.4235,-7.292857189,-4.96073948,-6.648974805,4.54066911,-5.183000086,Alc11,OC(CC1=CC=CC=C1)(C)C2=CC(OC)=C(OC)C=C2,-7.83976121,1.02803158,110.3090658,-27.79506717,-14.06511715,-12.55596764,-7.437160448,-7.622918174,61
PC11,O=C1C2=C(C=CC=C2)CCC3=C1C=CC=C3,-9.01309953,-0.36517162,3.9404,2.4235,-7.292857189,-4.96073948,-6.648974805,4.54066911,-5.183000086,Alc12,OC(CC1=CC=CC=C1)C2=CC=CS2,-8.64139727,1.03292956,111.8150659,47.28218669,-9.209036271,5.816920017,7.729107998,-0.753545312,2
PC11,O=C1C2=C(C=CC=C2)CCC3=C1C=CC=C3,-9.01309953,-0.36517162,3.9404,2.4235,-7.292857189,-4.96073948,-6.648974805,4.54066911,-5.183000086,Alc14,OC(CC1=CC=CC=C1)C2=CC=C3C(C=CC=C3)=C2,-8.12765359,0.32353879,110.1333659,-1.706180335,23.00233306,0.712412638,-2.276278132,-4.123322789,0
PC11,O=C1C2=C(C=CC=C2)CCC3=C1C=CC=C3,-9.01309953,-0.36517162,3.9404,2.4235,-7.292857189,-4.96073948,-6.648974805,4.54066911,-5.183000086,Alc15,OC(CC1=CC=CC=C1)C2=C3C(C=CC=C3)=CC=C2,-8.02670078,0.27891275,110.2902409,-4.385096277,24.21115311,-3.19848594,10.59038746,-1.904466232,0
PC11,O=C1C2=C(C=CC=C2)CCC3=C1C=CC=C3,-9.01309953,-0.36517162,3.9404,2.4235,-7.292857189,-4.96073948,-6.648974805,4.54066911,-5.183000086,Alc16,OC(CC1=CC=CC=C1)C2=CC(OCO3)=C3C=C2,-7.9864285,1.08381413,109.9953158,-1.575475172,-5.792162856,22.9690514,-4.134971471,-12.12623408,31
PC11,O=C1C2=C(C=CC=C2)CCC3=C1C=CC=C3,-9.01309953,-0.36517162,3.9404,2.4235,-7.292857189,-4.96073948,-6.648974805,4.54066911,-5.183000086,Alc18,OC(CC1=CC=CC=C1)C2=CC=C3C(OCCO3)=C2,-8.04792536,1.06912019,110.6792909,-12.40076038,-2.862124136,15.6389618,-2.537081149,-12.25747392,36
PC12,O=C(C1=CC=C(C(F)(F)F)C=C1)C2=CC=C(OC)C=C2,-8.62724755,-0.47646461,4.0142,2.4414,16.69430182,36.1523259,27.89029607,4.129536612,-4.912151933,Alc3,OC(CC1=CC=CC=C1)C2=CC=C(C(OC)=O)C=C2,-8.93854139,0.12353794,110.2839659,-11.71469047,-6.822840992,14.11444836,-1.521686394,29.80993616,1
PC12,O=C(C1=CC=C(C(F)(F)F)C=C1)C2=CC=C(OC)C=C2,-8.62724755,-0.47646461,4.0142,2.4414,16.69430182,36.1523259,27.89029607,4.129536612,-4.912151933,Alc4,OC(CC1=CC=CC=C1)C2=CC=CC=C2,-8.90697663,1.05415414,110.1584658,33.09993447,2.951163937,-7.586083147,5.978377368,2.553950157,1
PC12,O=C(C1=CC=C(C(F)(F)F)C=C1)C2=CC=C(OC)C=C2,-8.62724755,-0.47646461,4.0142,2.4414,16.69430182,36.1523259,27.89029607,4.129536612,-4.912151933,Alc5,OC(CC1=CC=CC=C1)C2=CC=C(C3=CC=CC=C3)C=C2,-8.36030764,0.54884587,110.1647408,-14.62194718,28.80559974,-0.840053273,-5.971192521,5.315228113,0
PC12,O=C(C1=CC=C(C(F)(F)F)C=C1)C2=CC=C(OC)C=C2,-8.62724755,-0.47646461,4.0142,2.4414,16.69430182,36.1523259,27.89029607,4.129536612,-4.912151933,Alc6,OC(CC1=CC=CC=C1)C2=CC=C(C)C=C2,-8.66833616,1.06231744,110.0894409,23.62536858,0.661946499,-9.500574307,-8.115361088,-3.419895141,4
PC12,O=C(C1=CC=C(C(F)(F)F)C=C1)C2=CC=C(OC)C=C2,-8.62724755,-0.47646461,4.0142,2.4414,16.69430182,36.1523259,27.89029607,4.129536612,-4.912151933,Alc7,OC(CC1=CC=CC=C1)C2=CC=C(OC)C=C2,-8.23187172,1.04735139,110.4094658,9.960979275,-7.691830153,-0.359370043,-7.888556589,3.458110622,40
PC12,O=C(C1=CC=C(C(F)(F)F)C=C1)C2=CC=C(OC)C=C2,-8.62724755,-0.47646461,4.0142,2.4414,16.69430182,36.1523259,27.89029607,4.129536612,-4.912151933,Alc8,OC(CC1=CC=CC=C1)C2=CC=C(OC)C(OC)=C2,-7.88792468,1.04517451,110.5224158,-17.43227242,-12.22861103,0.615510936,5.636608796,-2.222466306,72
PC12,O=C(C1=CC=C(C(F)(F)F)C=C1)C2=CC=C(OC)C=C2,-8.62724755,-0.47646461,4.0142,2.4414,16.69430182,36.1523259,27.89029607,4.129536612,-4.912151933,Alc9,OC(CC1=CC=CC=C1)C2=C(OC)C=CC=C2OC,-8.24683777,1.0149703,107.1841159,-19.749389,-10.63011667,-9.869495255,27.75351357,0.245719578,7
PC12,O=C(C1=CC=C(C(F)(F)F)C=C1)C2=CC=C(OC)C=C2,-8.62724755,-0.47646461,4.0142,2.4414,16.69430182,36.1523259,27.89029607,4.129536612,-4.912151933,Alc10,OC(CC1=CC=CC=C1)(C)C2=CC=C(OC)C=C2,-8.17772183,1.02993635,110.2274909,-2.587590608,-10.3303571,-15.95727555,-17.8057074,3.047377322,3
PC12,O=C(C1=CC=C(C(F)(F)F)C=C1)C2=CC=C(OC)C=C2,-8.62724755,-0.47646461,4.0142,2.4414,16.69430182,36.1523259,27.89029607,4.129536612,-4.912151933,Alc11,OC(CC1=CC=CC=C1)(C)C2=CC(OC)=C(OC)C=C2,-7.83976121,1.02803158,110.3090658,-27.79506717,-14.06511715,-12.55596764,-7.437160448,-7.622918174,43
PC12,O=C(C1=CC=C(C(F)(F)F)C=C1)C2=CC=C(OC)C=C2,-8.62724755,-0.47646461,4.0142,2.4414,16.69430182,36.1523259,27.89029607,4.129536612,-4.912151933,Alc12,OC(CC1=CC=CC=C1)C2=CC=CS2,-8.64139727,1.03292956,111.8150659,47.28218669,-9.209036271,5.816920017,7.729107998,-0.753545312,1
PC12,O=C(C1=CC=C(C(F)(F)F)C=C1)C2=CC=C(OC)C=C2,-8.62724755,-0.47646461,4.0142,2.4414,16.69430182,36.1523259,27.89029607,4.129536612,-4.912151933,Alc14,OC(CC1=CC=CC=C1)C2=CC=C3C(C=CC=C3)=C2,-8.12765359,0.32353879,110.1333659,-1.706180335,23.00233306,0.712412638,-2.276278132,-4.123322789,0
PC12,O=C(C1=CC=C(C(F)(F)F)C=C1)C2=CC=C(OC)C=C2,-8.62724755,-0.47646461,4.0142,2.4414,16.69430182,36.1523259,27.89029607,4.129536612,-4.912151933,Alc15,OC(CC1=CC=CC=C1)C2=C3C(C=CC=C3)=CC=C2,-8.02670078,0.27891275,110.2902409,-4.385096277,24.21115311,-3.19848594,10.59038746,-1.904466232,0
PC12,O=C(C1=CC=C(C(F)(F)F)C=C1)C2=CC=C(OC)C=C2,-8.62724755,-0.47646461,4.0142,2.4414,16.69430182,36.1523259,27.89029607,4.129536612,-4.912151933,Alc16,OC(CC1=CC=CC=C1)C2=CC(OCO3)=C3C=C2,-7.9864285,1.08381413,109.9953158,-1.575475172,-5.792162856,22.9690514,-4.134971471,-12.12623408,36
PC12,O=C(C1=CC=C(C(F)(F)F)C=C1)C2=CC=C(OC)C=C2,-8.62724755,-0.47646461,4.0142,2.4414,16.69430182,36.1523259,27.89029607,4.129536612,-4.912151933,Alc18,OC(CC1=CC=CC=C1)C2=CC=C3C(OCCO3)=C2,-8.04792536,1.06912019,110.6792909,-12.40076038,-2.862124136,15.6389618,-2.537081149,-12.25747392,54
PC13,O=C(C1=CC(C=CC=C2)=C2C=C1)C3=CC=CC=C3,-8.34262049,-0.50830148,3.9881,2.3854,2.291410398,-1.057682874,-8.270897879,-9.289443189,0.915590423,Alc3,OC(CC1=CC=CC=C1)C2=CC=C(C(OC)=O)C=C2,-8.93854139,0.12353794,110.2839659,-11.71469047,-6.822840992,14.11444836,-1.521686394,29.80993616,0
PC13,O=C(C1=CC(C=CC=C2)=C2C=C1)C3=CC=CC=C3,-8.34262049,-0.50830148,3.9881,2.3854,2.291410398,-1.057682874,-8.270897879,-9.289443189,0.915590423,Alc4,OC(CC1=CC=CC=C1)C2=CC=CC=C2,-8.90697663,1.05415414,110.1584658,33.09993447,2.951163937,-7.586083147,5.978377368,2.553950157,0
PC13,O=C(C1=CC(C=CC=C2)=C2C=C1)C3=CC=CC=C3,-8.34262049,-0.50830148,3.9881,2.3854,2.291410398,-1.057682874,-8.270897879,-9.289443189,0.915590423,Alc5,OC(CC1=CC=CC=C1)C2=CC=C(C3=CC=CC=C3)C=C2,-8.36030764,0.54884587,110.1647408,-14.62194718,28.80559974,-0.840053273,-5.971192521,5.315228113,0
PC13,O=C(C1=CC(C=CC=C2)=C2C=C1)C3=CC=CC=C3,-8.34262049,-0.50830148,3.9881,2.3854,2.291410398,-1.057682874,-8.270897879,-9.289443189,0.915590423,Alc6,OC(CC1=CC=CC=C1)C2=CC=C(C)C=C2,-8.66833616,1.06231744,110.0894409,23.62536858,0.661946499,-9.500574307,-8.115361088,-3.419895141,0
PC13,O=C(C1=CC(C=CC=C2)=C2C=C1)C3=CC=CC=C3,-8.34262049,-0.50830148,3.9881,2.3854,2.291410398,-1.057682874,-8.270897879,-9.289443189,0.915590423,Alc7,OC(CC1=CC=CC=C1)C2=CC=C(OC)C=C2,-8.23187172,1.04735139,110.4094658,9.960979275,-7.691830153,-0.359370043,-7.888556589,3.458110622,0
PC13,O=C(C1=CC(C=CC=C2)=C2C=C1)C3=CC=CC=C3,-8.34262049,-0.50830148,3.9881,2.3854,2.291410398,-1.057682874,-8.270897879,-9.289443189,0.915590423,Alc8,OC(CC1=CC=CC=C1)C2=CC=C(OC)C(OC)=C2,-7.88792468,1.04517451,110.5224158,-17.43227242,-12.22861103,0.615510936,5.636608796,-2.222466306,0
PC13,O=C(C1=CC(C=CC=C2)=C2C=C1)C3=CC=CC=C3,-8.34262049,-0.50830148,3.9881,2.3854,2.291410398,-1.057682874,-8.270897879,-9.289443189,0.915590423,Alc9,OC(CC1=CC=CC=C1)C2=C(OC)C=CC=C2OC,-8.24683777,1.0149703,107.1841159,-19.749389,-10.63011667,-9.869495255,27.75351357,0.245719578,0
PC13,O=C(C1=CC(C=CC=C2)=C2C=C1)C3=CC=CC=C3,-8.34262049,-0.50830148,3.9881,2.3854,2.291410398,-1.057682874,-8.270897879,-9.289443189,0.915590423,Alc10,OC(CC1=CC=CC=C1)(C)C2=CC=C(OC)C=C2,-8.17772183,1.02993635,110.2274909,-2.587590608,-10.3303571,-15.95727555,-17.8057074,3.047377322,0
PC13,O=C(C1=CC(C=CC=C2)=C2C=C1)C3=CC=CC=C3,-8.34262049,-0.50830148,3.9881,2.3854,2.291410398,-1.057682874,-8.270897879,-9.289443189,0.915590423,Alc11,OC(CC1=CC=CC=C1)(C)C2=CC(OC)=C(OC)C=C2,-7.83976121,1.02803158,110.3090658,-27.79506717,-14.06511715,-12.55596764,-7.437160448,-7.622918174,1
PC13,O=C(C1=CC(C=CC=C2)=C2C=C1)C3=CC=CC=C3,-8.34262049,-0.50830148,3.9881,2.3854,2.291410398,-1.057682874,-8.270897879,-9.289443189,0.915590423,Alc12,OC(CC1=CC=CC=C1)C2=CC=CS2,-8.64139727,1.03292956,111.8150659,47.28218669,-9.209036271,5.816920017,7.729107998,-0.753545312,0
PC13,O=C(C1=CC(C=CC=C2)=C2C=C1)C3=CC=CC=C3,-8.34262049,-0.50830148,3.9881,2.3854,2.291410398,-1.057682874,-8.270897879,-9.289443189,0.915590423,Alc14,OC(CC1=CC=CC=C1)C2=CC=C3C(C=CC=C3)=C2,-8.12765359,0.32353879,110.1333659,-1.706180335,23.00233306,0.712412638,-2.276278132,-4.123322789,0
PC13,O=C(C1=CC(C=CC=C2)=C2C=C1)C3=CC=CC=C3,-8.34262049,-0.50830148,3.9881,2.3854,2.291410398,-1.057682874,-8.270897879,-9.289443189,0.915590423,Alc15,OC(CC1=CC=CC=C1)C2=C3C(C=CC=C3)=CC=C2,-8.02670078,0.27891275,110.2902409,-4.385096277,24.21115311,-3.19848594,10.59038746,-1.904466232,0
PC13,O=C(C1=CC(C=CC=C2)=C2C=C1)C3=CC=CC=C3,-8.34262049,-0.50830148,3.9881,2.3854,2.291410398,-1.057682874,-8.270897879,-9.289443189,0.915590423,Alc16,OC(CC1=CC=CC=C1)C2=CC(OCO3)=C3C=C2,-7.9864285,1.08381413,109.9953158,-1.575475172,-5.792162856,22.9690514,-4.134971471,-12.12623408,0
PC13,O=C(C1=CC(C=CC=C2)=C2C=C1)C3=CC=CC=C3,-8.34262049,-0.50830148,3.9881,2.3854,2.291410398,-1.057682874,-8.270897879,-9.289443189,0.915590423,Alc18,OC(CC1=CC=CC=C1)C2=CC=C3C(OCCO3)=C2,-8.04792536,1.06912019,110.6792909,-12.40076038,-2.862124136,15.6389618,-2.537081149,-12.25747392,0
PC14,O=C1C2=C(C=CC=C2)[Si](C3=CC=CC=C3)(C4=CC=CC=C4)C5=CC=CC=C51,-9.07650116,-0.6639484,3.7556,2.5906,52.09195081,-32.68490111,5.501424317,-10.35838143,1.167445778,Alc3,OC(CC1=CC=CC=C1)C2=CC=C(C(OC)=O)C=C2,-8.93854139,0.12353794,110.2839659,-11.71469047,-6.822840992,14.11444836,-1.521686394,29.80993616,8
PC14,O=C1C2=C(C=CC=C2)[Si](C3=CC=CC=C3)(C4=CC=CC=C4)C5=CC=CC=C51,-9.07650116,-0.6639484,3.7556,2.5906,52.09195081,-32.68490111,5.501424317,-10.35838143,1.167445778,Alc4,OC(CC1=CC=CC=C1)C2=CC=CC=C2,-8.90697663,1.05415414,110.1584658,33.09993447,2.951163937,-7.586083147,5.978377368,2.553950157,3
PC14,O=C1C2=C(C=CC=C2)[Si](C3=CC=CC=C3)(C4=CC=CC=C4)C5=CC=CC=C51,-9.07650116,-0.6639484,3.7556,2.5906,52.09195081,-32.68490111,5.501424317,-10.35838143,1.167445778,Alc5,OC(CC1=CC=CC=C1)C2=CC=C(C3=CC=CC=C3)C=C2,-8.36030764,0.54884587,110.1647408,-14.62194718,28.80559974,-0.840053273,-5.971192521,5.315228113,2
PC14,O=C1C2=C(C=CC=C2)[Si](C3=CC=CC=C3)(C4=CC=CC=C4)C5=CC=CC=C51,-9.07650116,-0.6639484,3.7556,2.5906,52.09195081,-32.68490111,5.501424317,-10.35838143,1.167445778,Alc6,OC(CC1=CC=CC=C1)C2=CC=C(C)C=C2,-8.66833616,1.06231744,110.0894409,23.62536858,0.661946499,-9.500574307,-8.115361088,-3.419895141,13
PC14,O=C1C2=C(C=CC=C2)[Si](C3=CC=CC=C3)(C4=CC=CC=C4)C5=CC=CC=C51,-9.07650116,-0.6639484,3.7556,2.5906,52.09195081,-32.68490111,5.501424317,-10.35838143,1.167445778,Alc7,OC(CC1=CC=CC=C1)C2=CC=C(OC)C=C2,-8.23187172,1.04735139,110.4094658,9.960979275,-7.691830153,-0.359370043,-7.888556589,3.458110622,88
PC14,O=C1C2=C(C=CC=C2)[Si](C3=CC=CC=C3)(C4=CC=CC=C4)C5=CC=CC=C51,-9.07650116,-0.6639484,3.7556,2.5906,52.09195081,-32.68490111,5.501424317,-10.35838143,1.167445778,Alc8,OC(CC1=CC=CC=C1)C2=CC=C(OC)C(OC)=C2,-7.88792468,1.04517451,110.5224158,-17.43227242,-12.22861103,0.615510936,5.636608796,-2.222466306,90
PC14,O=C1C2=C(C=CC=C2)[Si](C3=CC=CC=C3)(C4=CC=CC=C4)C5=CC=CC=C51,-9.07650116,-0.6639484,3.7556,2.5906,52.09195081,-32.68490111,5.501424317,-10.35838143,1.167445778,Alc9,OC(CC1=CC=CC=C1)C2=C(OC)C=CC=C2OC,-8.24683777,1.0149703,107.1841159,-19.749389,-10.63011667,-9.869495255,27.75351357,0.245719578,17
PC14,O=C1C2=C(C=CC=C2)[Si](C3=CC=CC=C3)(C4=CC=CC=C4)C5=CC=CC=C51,-9.07650116,-0.6639484,3.7556,2.5906,52.09195081,-32.68490111,5.501424317,-10.35838143,1.167445778,Alc10,OC(CC1=CC=CC=C1)(C)C2=CC=C(OC)C=C2,-8.17772183,1.02993635,110.2274909,-2.587590608,-10.3303571,-15.95727555,-17.8057074,3.047377322,56
PC14,O=C1C2=C(C=CC=C2)[Si](C3=CC=CC=C3)(C4=CC=CC=C4)C5=CC=CC=C51,-9.07650116,-0.6639484,3.7556,2.5906,52.09195081,-32.68490111,5.501424317,-10.35838143,1.167445778,Alc11,OC(CC1=CC=CC=C1)(C)C2=CC(OC)=C(OC)C=C2,-7.83976121,1.02803158,110.3090658,-27.79506717,-14.06511715,-12.55596764,-7.437160448,-7.622918174,70
PC14,O=C1C2=C(C=CC=C2)[Si](C3=CC=CC=C3)(C4=CC=CC=C4)C5=CC=CC=C51,-9.07650116,-0.6639484,3.7556,2.5906,52.09195081,-32.68490111,5.501424317,-10.35838143,1.167445778,Alc12,OC(CC1=CC=CC=C1)C2=CC=CS2,-8.64139727,1.03292956,111.8150659,47.28218669,-9.209036271,5.816920017,7.729107998,-0.753545312,5
PC14,O=C1C2=C(C=CC=C2)[Si](C3=CC=CC=C3)(C4=CC=CC=C4)C5=CC=CC=C51,-9.07650116,-0.6639484,3.7556,2.5906,52.09195081,-32.68490111,5.501424317,-10.35838143,1.167445778,Alc14,OC(CC1=CC=CC=C1)C2=CC=C3C(C=CC=C3)=C2,-8.12765359,0.32353879,110.1333659,-1.706180335,23.00233306,0.712412638,-2.276278132,-4.123322789,0
PC14,O=C1C2=C(C=CC=C2)[Si](C3=CC=CC=C3)(C4=CC=CC=C4)C5=CC=CC=C51,-9.07650116,-0.6639484,3.7556,2.5906,52.09195081,-32.68490111,5.501424317,-10.35838143,1.167445778,Alc15,OC(CC1=CC=CC=C1)C2=C3C(C=CC=C3)=CC=C2,-8.02670078,0.27891275,110.2902409,-4.385096277,24.21115311,-3.19848594,10.59038746,-1.904466232,0
PC14,O=C1C2=C(C=CC=C2)[Si](C3=CC=CC=C3)(C4=CC=CC=C4)C5=CC=CC=C51,-9.07650116,-0.6639484,3.7556,2.5906,52.09195081,-32.68490111,5.501424317,-10.35838143,1.167445778,Alc16,OC(CC1=CC=CC=C1)C2=CC(OCO3)=C3C=C2,-7.9864285,1.08381413,109.9953158,-1.575475172,-5.792162856,22.9690514,-4.134971471,-12.12623408,36
PC14,O=C1C2=C(C=CC=C2)[Si](C3=CC=CC=C3)(C4=CC=CC=C4)C5=CC=CC=C51,-9.07650116,-0.6639484,3.7556,2.5906,52.09195081,-32.68490111,5.501424317,-10.35838143,1.167445778,Alc18,OC(CC1=CC=CC=C1)C2=CC=C3C(OCCO3)=C2,-8.04792536,1.06912019,110.6792909,-12.40076038,-2.862124136,15.6389618,-2.537081149,-12.25747392,61
